0,1
陈独秀,造船
陈独秀,觉悟社
陈独秀,易礼容
陈独秀,贺国强
陈独秀,白崇禧
陈独秀,重庆
陈独秀,李梅羹
陈独秀,孙中山
陈独秀,章士钊
陈独秀,上海
陈独秀,乡试
陈独秀,法文
陈独秀,蒋介石
陈独秀,王明
陈独秀,黄日葵
陈独秀,张申府
陈独秀,李立三
陈独秀,思想家
陈独秀,习近平
陈独秀,劉師培
陈独秀,宋任穷
陈独秀,陈乔年
陈独秀,河上肇
陈独秀,尹宽
陈独秀,南京
陈独秀,包惠僧
陈独秀,王尽美
陈独秀,光绪
陈独秀,周恩来
陈独秀,朱执信
陈独秀,赵世炎
陈独秀,李书城
陈独秀,彭湃
陈独秀,杭州
陈独秀,鲁易
陈独秀,士紳
陈独秀,柯柏年
陈独秀,陈公培
陈独秀,堺利彥
陈独秀,陈延年
陈独秀,實証論
陈独秀,高血压
陈独秀,李大釗
陈独秀,孫毓筠
陈独秀,刘峙
陈独秀,胡锦涛
陈独秀,李大钊
陈独秀,赵乐际
陈独秀,杨匏安
陈独秀,陈潭秋
陈独秀,薛文淑
陈独秀,李树彝
陈独秀,日语
陈独秀,张若名
陈独秀,康生
陈独秀,安子文
陈独秀,陈望道
陈独秀,托派
陈独秀,戴季陶
陈独秀,江津
陈独秀,北京
陈独秀,鲁迅
陈独秀,李声韵
陈独秀,领袖
陈独秀,国民党
陈独秀,苏州
陈独秀,金家凤
陈独秀,法西斯
陈独秀,日本
陈独秀,德先生
陈独秀,罗素
陈独秀,任弼时
陈独秀,恽代英
陈独秀,张民权
陈独秀,陈希
陈独秀,鲍罗廷
陈独秀,陈公博
陈独秀,张国焘
陈独秀,王会悟
陈独秀,片山潛
陈独秀,乔石
陈独秀,五经
陈独秀,柏文蔚
陈独秀,賽先生
陈独秀,施存统
陈独秀,柯庆施
陈独秀,郑超麟
陈独秀,胡耀邦
陈独秀,邓小平
陈独秀,蔡爾康
陈独秀,國文
陈独秀,陈云
陈独秀,何殷震
陈独秀,项英
陈独秀,阮啸仙
陈独秀,张伯简
陈独秀,沈定一
陈独秀,黄介民
陈独秀,陳溥賢
陈独秀,吕枫
陈独秀,李震瀛
陈独秀,邵飘萍
陈独秀,陈野苹
陈独秀,李维汉
陈独秀,四书
陈独秀,基督教
陈独秀,邵力子
陈独秀,北伐
陈独秀,罗亦农
陈独秀,刘泽荣
陈独秀,黃文山
陈独秀,赵紫阳
陈独秀,李竹声
陈独秀,何叔衡
陈独秀,沈泽民
陈独秀,金立
陈独秀,张东荪
陈独秀,斯大林
陈独秀,科举
陈独秀,张太雷
陈独秀,董必武
陈独秀,胡适
陈独秀,諶小岑
陈独秀,向忠发
陈独秀,饶漱石
陈独秀,瞿秋白
陈独秀,都督
陈独秀,法国
陈独秀,列宁
陈独秀,郭玉峰
陈独秀,傅斯年
陈独秀,杜国庠
陈独秀,华国锋
陈独秀,袁振英
陈独秀,苏联
陈独秀,清朝
陈独秀,张闻天
陈独秀,毛泽东
陈独秀,茅盾
陈独秀,朱蘊山
陈独秀,袁世凱
陈独秀,彭述之
陈独秀,汪精卫
陈独秀,曾庆红
陈独秀,芜湖
陈独秀,白话文
陈独秀,王光祈
陈独秀,尉健行
陈独秀,罗章龙
陈独秀,新青年
陈独秀,李源潮
陈独秀,高一涵
陈独秀,道家
陈独秀,张西曼
陈独秀,谭植棠
陈独秀,举人
陈独秀,李启汉
陈独秀,蔡元培
陈独秀,江泽民
陈独秀,李汉俊
陈独秀,程子卿
陈独秀,刘仁静
陈独秀,张全景
陈独秀,武汉
陈独秀,考茨基
陈独秀,俞颂华
陈独秀,吴廷康
陈独秀,陈豹隐
陈独秀,宋平
陈独秀,谭平山
陈独秀,杨东莼
陈独秀,孔原
陈独秀,广州
陈独秀,秀才
陈独秀,俞秀松
陈独秀,胡汉民
陈独秀,王乐平
陈独秀,井勿幕
陈独秀,林修梅
陈独秀,马君武
陈独秀,高語罕
陈独秀,江亢虎
陈独秀,鸦片
陈独秀,陈炯明
陈独秀,彭真
陈独秀,邹容
陈独秀,孔子
陈独秀,山东
陈独秀,杨明斋
陈独秀,邓恩铭
陈独秀,梁启超
陈独秀,胡適
陈独秀,西欧
陈独秀,俄国
陈独秀,四川
陈独秀,邓中夏
陈独秀,义和团
陈独秀,李励庄
陈独秀,德國
陈独秀,陆军
陈独秀,河上清
陈独秀,薛岳
陈独秀,吴佩孚
陈独秀,周佛海
陈独秀,成舍我
陈独秀,博古
陈独秀,姚作賓
觉悟社,赵光宸
觉悟社,桂林
觉悟社,韩复榘
觉悟社,邓颖超
觉悟社,民革
觉悟社,赵恒惕
觉悟社,刘清扬
觉悟社,郭隆真
觉悟社,李振瀛
觉悟社,天津
觉悟社,张作霖
觉悟社,谌小岑
觉悟社,拈鬮
觉悟社,马骏
